﻿<?xml version="1.0" encoding="utf-8"?>
<extension version="2.5" type="plugin" group="system" method="upgrade">
	<name>JahanPay RSMembership! Payment Plugin</name>
	<version>1.0</version>
	<creationDate>1394/06/28</creationDate>
	<author>Afzoneha.com - Saber Hashemzadeh</author>
	<authorEmail>Info@Afzoneha.com</authorEmail>
	<authorUrl>http://www.Afzoneha.com</authorUrl>
	<copyright>Afzoneha.com</copyright>
	<license>commercial</license>
	<description><![CDATA[
	  <div style="font-family: tahoma; border: 1px solid #ccc; border-radius: 5px; padding: 5px;">
<table id="table1" style="font-family: Tahoma,Tahoma; width: 668px;" dir="rtl" border="1" cellspacing="0" cellpadding="6">
<tbody>
<tr>
<td style="background-color: #f371e6;">
<p align="center"><a href="http://afzoneha.com/" title="افزونه ها دات کـام؛ اولین مرکز ارائه کننده ابزارهای وب اورجینال"><img src="http://afzoneha.com/templates/sj_worldnews/images/logo.png" border="0" alt="افزونه ها دات کام ، مرکز ابزارهای وب اورجینال" title="افزونه ها دات کام ، مرکز ابزارهای وب اورجینال" width="230" height="59" style="display: block; margin-left: auto; margin-right: auto;" /></a></p>
</td>
</tr>
<tr>
<td style="text-align: center;" bgcolor="#f5f5f5">
<h2><span style="color: #ff0000;"><strong><span style="font-family: tahoma,arial,helvetica,sans-serif;">** <span style="color: #008000;">پلاگین اتصال کامپوننت هیکاشاپ به سیستم پرداخت در محل ولکس</span> **<br /></span></strong></span></h2>
<p><span style="font-family: tahoma,arial,helvetica,sans-serif;" lang="fa"><span style="font-size: small;"><a href="http://afzoneha.com/" title="افزونه ها دات کـام؛ اولین مرکز ارائه کننده ابزارهای وب اورجینال"><strong>افزونه ها دات کام ، مرکز ابزارهای وب اورجینال</strong></a></span><br /></span></p>
<p><span style="font-family: tahoma,arial,helvetica,sans-serif;" lang="fa"><span style="font-size: small;"><span style="font-size: x-small; color: #ff0000;">هیچ سایت و مرجعی با نام و عنوان <strong>افزونه ها</strong> هیچ ارتباطی به<a href="http://afzoneha.com/" target="_blank" title="افزونه ها دات کـام؛ اولین مرکز ارائه کننده ابزارهای وب اورجینال"><span style="color: #ff0000;"><strong> افزونه ها دات کام </strong></span></a></span></span><span style="font-size: small; color: #ff0000;"><strong>ندارد</strong></span><span style="font-size: small;"><span style="font-size: x-small; color: #ff0000;">.</span><strong><br /></strong></span></span></p>
</td>
</tr>
<tr>
<td style="text-align: center;" bgcolor="#f5f5f5"><span style="font-size: x-small;"> <span style="font-family: tahoma,arial,helvetica,sans-serif;">افزونه ها دات کام اولین مرکز ارائه ابزارهای وب اورجینال در زمینه تهیه، فروش و تولید قالبهای حرفه ای جوملا، کامپوننت های جوملا، ماژول و پلاگین های جوملا و وردپرس، وی بالتین،اوپن کارت و... و همچنین پرداختهای ارزی آنلاین میباشد.</span></span></td>
</tr>
<tr>
<td style="text-align: center;" bgcolor="#f5f5f5"><span style="font-family: tahoma,arial,helvetica,sans-serif;"><strong>...::: از آرشیو موضوعی محصولات ما دیدن فرمایید :::...</strong></span></td>
</tr>
<tr>
<td bgcolor="#f5f5f5">
<p align="center"><span style="font-family: tahoma,arial,helvetica,sans-serif; font-size: small;"><a href="%D8%AF%D8%B3%D8%AA%D9%87-%D8%A8%D9%86%D8%AF%DB%8C-%D9%85%D9%88%D8%B6%D9%88%D8%B9%DB%8C/%D9%88%D8%A8%D8%B3%D8%A7%DB%8C%D8%AA%D9%87%D8%A7%DB%8C-%D8%A2%D9%85%D8%A7%D8%AF%D9%87-%D9%86%D8%B5%D8%A8" target="_blank" title="برای به آرشیو وبسایتهای آماده نصب جوملایی بروی این لینک کلیک کنید.">وبسایتهای آماده نصب</a><span lang="fa"> ا </span><a href="%D8%AF%D8%B3%D8%AA%D9%87-%D8%A8%D9%86%D8%AF%DB%8C-%D9%85%D9%88%D8%B6%D9%88%D8%B9%DB%8C/%DA%A9%D8%A7%D9%85%D9%BE%D9%88%D9%86%D9%86%D8%AA%D9%87%D8%A7%DB%8C-%D8%AC%D9%88%D9%85%D9%84%D8%A7" target="_blank" title="برای ورود به آرشیو کامپوننتهای ویژه جوملایی بروی این لینک کلیک فرمایید.">کامپوننتهای ویژه جوملا</a><span lang="fa"> ا </span><a href="%D8%AF%D8%B3%D8%AA%D9%87-%D8%A8%D9%86%D8%AF%DB%8C-%D9%85%D9%88%D8%B6%D9%88%D8%B9%DB%8C/%D9%85%D8%A7%DA%98%D9%88%D9%84-%D9%88-%D9%BE%D9%84%D8%A7%DA%AF%DB%8C%D9%86-%D8%AC%D9%88%D9%85%D9%84%D8%A7" target="_blank" title="برای ورود به آرشیو ماژول، پلاگین و افزونه های جوملایی بروی این لینک کلیک کنید">مرکز ماژول، پلاگین و افزونه های جوملا</a> <span lang="fa">ا</span> <a href="%D8%AF%D8%B3%D8%AA%D9%87-%D8%A8%D9%86%D8%AF%DB%8C-%D9%85%D9%88%D8%B6%D9%88%D8%B9%DB%8C/%D9%82%D8%A7%D9%84%D8%A8-%D9%87%D8%A7%DB%8C-%D8%AC%D9%88%D9%85%D9%84%D8%A7" target="_blank" title="برای ورود به آرشیو قالبهای موضوعی و تفکیک شده جوملایی بروی این لینک کلیک فرمایید.">قالبهای جوملا </a><span style="font-family: tahoma,arial,helvetica,sans-serif; font-size: small;"><span lang="fa">ا </span></span></span><span style="font-size: small;"><a href="%D8%AF%D8%B3%D8%AA%D9%87-%D8%A8%D9%86%D8%AF%DB%8C-%D9%85%D9%88%D8%B6%D9%88%D8%B9%DB%8C/itemlist/category/817-%D8%A7%D8%B3%D9%83%D8%B1%D9%8A%D9%BE%D8%AA-%D9%88-%D8%B3%D9%88%D8%B1%D8%B3" target="_blank" title="برای ورود به آرشیو اسکریپتها و سورسهای خاص طراحی وب بروی این لینک کلیک فرمایید."><span style="font-family: tahoma,arial,helvetica,sans-serif;">اسکریپت ها و سورسها</span></a></span></p>
</td>
</tr>
<tr>
<td bgcolor="#f5f5f5">
<p align="center"><span style="font-family: tahoma,arial,helvetica,sans-serif; font-size: small;"><strong>توسعه در <a href="http://arasjoomla.ir" target="_blank">افزونه نویسی ارس جوملا</a></strong></span></p>
</td>
</tr>
<tr>
<td style="text-align: center;" bgcolor="#f5f5f5"><span style="font-family: tahoma,arial,helvetica,sans-serif; font-size: small;"><a href="http://arasjoomla.ir/services/joomla-components-developer.html" target="_blank">طراحی و توسعه کامپوننت</a> | </span><span style="font-family: tahoma,arial,helvetica,sans-serif; font-size: small;"><a href="http://arasjoomla.ir/services/joomla-plugins-developer.html" target="_blank">طراحی و توسعه پلاگین</a> <span style="font-family: tahoma,arial,helvetica,sans-serif; font-size: small;"> | </span><a href="http://arasjoomla.ir/services/joomla-plugins-developer.html" target="_blank"></a></span><span style="font-family: tahoma,arial,helvetica,sans-serif; font-size: small;"><a href="http://arasjoomla.ir/services/joomla-modules-developer.html" target="_blank">طراحی و توسعه ماژول <span style="font-family: tahoma,arial,helvetica,sans-serif; font-size: small;"> | </span></a></span><span style="font-family: tahoma,arial,helvetica,sans-serif; font-size: small;"><a href="http://arasjoomla.ir/joomla-extensions/joomla-plugins/peyment-plugin.html" target="_blank">طراحی پلاگینهای پرداخت جوملا</a> <span style="font-family: tahoma,arial,helvetica,sans-serif; font-size: small;"> | </span><a href="http://arasjoomla.ir/joomla-extensions/joomla-plugins/peyment-plugin.html" target="_blank"></a></span><span style="font-family: tahoma,arial,helvetica,sans-serif; font-size: small;"><a href="http://arasjoomla.ir" target="_blank">اتصال پیامک افزونه های جوملا</a> <span style="font-family: tahoma,arial,helvetica,sans-serif; font-size: small;"> | </span><a href="http://arasjoomla.ir" target="_blank"></a></span><span style="font-family: tahoma,arial,helvetica,sans-serif; font-size: small;"><a href="http://arasjoomla.ir/blog/41-persian-jalali-date.html" target="_blank">شمسی سازی افزونه های جوملا</a></span></td>
</tr>
</tbody>
</table>
</div>
</div>]]></description>
	<files>
		<filename plugin="rsmembershipjahanpay">rsmembershipjahanpay.php</filename>
	</files>
	<languages>
		<language tag="en-GB">en-GB.plg_system_rsmembershipjahanpay.ini</language>
	</languages>
    <config>
        <fields name="params">
            <fieldset name="basic">
                <field name="api"  type="text" default="" label="JahanPay API" description="API حساب جهان پی خود را وارد نمایید" />
            </fieldset>
        </fields>
    </config>
</extension>